Image Path,Image Name,DateTimeOriginal,Latitude,Longitude
20240819/Cam4/FLIR_20240819_030227_426.jpg,FLIR_20240819_030227_426.jpg,2024:08:19 15:02:27,,
20240819/Cam4/FLIR_20240819_025558_542.jpg,FLIR_20240819_025558_542.jpg,2024:08:19 14:55:58,,
20240819/Cam4/FLIR_20240819_103022_406.jpg,FLIR_20240819_103022_406.jpg,2024:08:19 10:30:22,,
20240819/Cam4/FLIR_20240819_025143_603.jpg,FLIR_20240819_025143_603.jpg,2024:08:19 14:51:43,,
20240819/Cam4/FLIR_20240819_025919_504.jpg,FLIR_20240819_025919_504.jpg,2024:08:19 14:59:19,,
20240819/Cam4/FLIR_20240819_030109_213.jpg,FLIR_20240819_030109_213.jpg,2024:08:19 15:01:09,,
20240819/Cam4/FLIR_20240819_104056_745.jpg,FLIR_20240819_104056_745.jpg,2024:08:19 10:40:56,,
20240819/Cam4/FLIR_20240819_100849_564.jpg,FLIR_20240819_100849_564.jpg,2024:08:19 10:08:49,,
20240819/Cam4/FLIR_20240819_032805_238.jpg,FLIR_20240819_032805_238.jpg,2024:08:19 15:28:05,,
20240819/Cam4/FLIR_20240819_101209_821.jpg,FLIR_20240819_101209_821.jpg,2024:08:19 10:12:09,,
20240819/Cam4/FLIR_20240819_100804_564.jpg,FLIR_20240819_100804_564.jpg,2024:08:19 10:08:04,,
20240819/Cam4/FLIR_20240819_025708_290.jpg,FLIR_20240819_025708_290.jpg,2024:08:19 14:57:08,,
20240819/Cam4/FLIR_20240819_103840_965.jpg,FLIR_20240819_103840_965.jpg,2024:08:19 10:38:40,,
20240819/Cam4/FLIR_20240819_032438_567.jpg,FLIR_20240819_032438_567.jpg,2024:08:19 15:24:38,,
20240819/Cam4/FLIR_20240819_104356_610.jpg,FLIR_20240819_104356_610.jpg,2024:08:19 10:43:56,,
20240819/Cam4/FLIR_20240819_031709_678.jpg,FLIR_20240819_031709_678.jpg,2024:08:19 15:17:09,,
20240819/Cam4/FLIR_20240819_031824_072.jpg,FLIR_20240819_031824_072.jpg,2024:08:19 15:18:23,,
20240819/Cam4/FLIR_20240819_105244_441.jpg,FLIR_20240819_105244_441.jpg,2024:08:19 10:52:44,,
20240819/Cam4/FLIR_20240819_030619_878.jpg,FLIR_20240819_030619_878.jpg,2024:08:19 15:06:19,,
20240819/Cam4/FLIR_20240819_105827_231.jpg,FLIR_20240819_105827_231.jpg,2024:08:19 10:58:27,,
20240819/Cam4/FLIR_20240819_023944_118.jpg,FLIR_20240819_023944_118.jpg,2024:08:19 14:39:44,,
20240819/Cam4/FLIR_20240819_024808_939.jpg,FLIR_20240819_024808_939.jpg,2024:08:19 14:48:08,,
20240819/Cam4/FLIR_20240819_101530_838.jpg,FLIR_20240819_101530_838.jpg,2024:08:19 10:15:30,,
20240819/Cam4/FLIR_20240819_102713_878.jpg,FLIR_20240819_102713_878.jpg,2024:08:19 10:27:13,,
20240819/Cam4/FLIR_20240819_101424_138.jpg,FLIR_20240819_101424_138.jpg,2024:08:19 10:14:24,,
20240819/Cam4/FLIR_20240819_101920_720.jpg,FLIR_20240819_101920_720.jpg,2024:08:19 10:19:20,,
20240819/Cam4/FLIR_20240819_105503_609.jpg,FLIR_20240819_105503_609.jpg,2024:08:19 10:55:03,,
20240819/Cam4/FLIR_20240819_024225_584.jpg,FLIR_20240819_024225_584.jpg,2024:08:19 14:42:25,,
20240819/Cam4/FLIR_20240819_024545_547.jpg,FLIR_20240819_024545_547.jpg,2024:08:19 14:45:45,,
20240819/Cam4/FLIR_20240819_024418_492.jpg,FLIR_20240819_024418_492.jpg,2024:08:19 14:44:18,,
20240819/Cam4/FLIR_20240819_101347_248.jpg,FLIR_20240819_101347_248.jpg,2024:08:19 10:13:47,,
20240819/Cam4/FLIR_20240819_105135_738.jpg,FLIR_20240819_105135_738.jpg,2024:08:19 10:51:35,,
20240819/Cam4/FLIR_20240819_102229_639.jpg,FLIR_20240819_102229_639.jpg,2024:08:19 10:22:29,,
20240819/Cam4/FLIR_20240819_031057_578.jpg,FLIR_20240819_031057_578.jpg,2024:08:19 15:10:57,,
20240819/Cam4/FLIR_20240819_102520_703.jpg,FLIR_20240819_102520_703.jpg,2024:08:19 10:25:20,,
20240819/Cam4/FLIR_20240819_031747_051.jpg,FLIR_20240819_031747_051.jpg,2024:08:19 15:17:46,,
20240819/Cam4/FLIR_20240819_105748_383.jpg,FLIR_20240819_105748_383.jpg,2024:08:19 10:57:48,,
20240819/Cam4/FLIR_20240819_105856_169.jpg,FLIR_20240819_105856_169.jpg,2024:08:19 10:58:56,,
20240819/Cam4/FLIR_20240819_024121_810.jpg,FLIR_20240819_024121_810.jpg,2024:08:19 14:41:21,,
20240819/Cam4/FLIR_20240819_104631_305.jpg,FLIR_20240819_104631_305.jpg,2024:08:19 10:46:31,,
20240819/Cam4/FLIR_20240819_025335_228.jpg,FLIR_20240819_025335_228.jpg,2024:08:19 14:53:35,,
20240819/Cam4/FLIR_20240819_101648_428.jpg,FLIR_20240819_101648_428.jpg,2024:08:19 10:16:48,,
20240819/Cam4/FLIR_20240819_031448_146.jpg,FLIR_20240819_031448_146.jpg,2024:08:19 15:14:47,,
20240819/Cam4/FLIR_20240819_032250_940.jpg,FLIR_20240819_032250_940.jpg,2024:08:19 15:22:50,,
20240819/Cam4/FLIR_20240819_103339_020.jpg,FLIR_20240819_103339_020.jpg,2024:08:19 10:33:38,,
20240819/Cam4/FLIR_20240819_031136_569.jpg,FLIR_20240819_031136_569.jpg,2024:08:19 15:11:36,,
20240819/Cam4/FLIR_20240819_103725_726.jpg,FLIR_20240819_103725_726.jpg,2024:08:19 10:37:25,,
20240819/Cam4/FLIR_20240819_025253_137.jpg,FLIR_20240819_025253_137.jpg,2024:08:19 14:52:53,,
20240819/Cam4/FLIR_20240819_031350_053.jpg,FLIR_20240819_031350_053.jpg,2024:08:19 15:13:49,,
20240819/Cam4/FLIR_20240819_030010_217.jpg,FLIR_20240819_030010_217.jpg,2024:08:19 15:00:10,,
20240819/Cam4/FLIR_20240819_023829_352.jpg,FLIR_20240819_023829_352.jpg,2024:08:19 14:38:29,,
20240819/Cam4/FLIR_20240819_032542_378.jpg,FLIR_20240819_032542_378.jpg,2024:08:19 15:25:42,,
20240819/Cam4/FLIR_20240819_023602_225.jpg,FLIR_20240819_023602_225.jpg,2024:08:19 14:36:02,,
20240819/Cam4/FLIR_20240819_102835_471.jpg,FLIR_20240819_102835_471.jpg,2024:08:19 10:28:35,,
20240819/Cam4/FLIR_20240819_024917_186.jpg,FLIR_20240819_024917_186.jpg,2024:08:19 14:49:17,,
20240819/Cam4/FLIR_20240819_103531_210.jpg,FLIR_20240819_103531_210.jpg,2024:08:19 10:35:31,,
20240819/Cam4/FLIR_20240819_103627_249.jpg,FLIR_20240819_103627_249.jpg,2024:08:19 10:36:27,,
20240819/Cam4/FLIR_20240819_102625_242.jpg,FLIR_20240819_102625_242.jpg,2024:08:19 10:26:25,,
20240819/Cam4/FLIR_20240819_103957_483.jpg,FLIR_20240819_103957_483.jpg,2024:08:19 10:39:57,,
20240819/Cam4/FLIR_20240819_102141_883.jpg,FLIR_20240819_102141_883.jpg,2024:08:19 10:21:41,,
20240819/Cam4/FLIR_20240819_032701_540.jpg,FLIR_20240819_032701_540.jpg,2024:08:19 15:27:01,,
20240819/Cam4/FLIR_20240819_031557_386.jpg,FLIR_20240819_031557_386.jpg,2024:08:19 15:15:57,,
20240819/Cam4/FLIR_20240819_024036_989.jpg,FLIR_20240819_024036_989.jpg,2024:08:19 14:40:36,,
20240819/Cam4/FLIR_20240819_102433_682.jpg,FLIR_20240819_102433_682.jpg,2024:08:19 10:24:33,,
20240819/Cam4/FLIR_20240819_102911_466.jpg,FLIR_20240819_102911_466.jpg,2024:08:19 10:29:11,,
20240819/Cam4/FLIR_20240819_101737_105.jpg,FLIR_20240819_101737_105.jpg,2024:08:19 10:17:37,,
20240819/Cam4/FLIR_20240819_103115_989.jpg,FLIR_20240819_103115_989.jpg,2024:08:19 10:31:15,,
20240819/Cam4/FLIR_20240819_101823_945.jpg,FLIR_20240819_101823_945.jpg,2024:08:19 10:18:23,,
20240819/Cam4/FLIR_20240819_104138_744.jpg,FLIR_20240819_104138_744.jpg,2024:08:19 10:41:38,,
20240819/Cam4/FLIR_20240819_024705_489.jpg,FLIR_20240819_024705_489.jpg,2024:08:19 14:47:05,,
20240819/Cam4/FLIR_20240819_100928_898.jpg,FLIR_20240819_100928_898.jpg,2024:08:19 10:09:28,,
20240819/Cam4/FLIR_20240819_103425_782.jpg,FLIR_20240819_103425_782.jpg,2024:08:19 10:34:25,,
20240819/Cam4/FLIR_20240819_103252_207.jpg,FLIR_20240819_103252_207.jpg,2024:08:19 10:32:52,,
20240819/Cam4/FLIR_20240819_105549_409.jpg,FLIR_20240819_105549_409.jpg,2024:08:19 10:55:49,,
20240819/Cam4/FLIR_20240819_105008_179.jpg,FLIR_20240819_105008_179.jpg,2024:08:19 10:50:08,,
20240819/Cam4/FLIR_20240819_024948_988.jpg,FLIR_20240819_024948_988.jpg,2024:08:19 14:49:48,,
20240819/Cam4/FLIR_20240819_030521_382.jpg,FLIR_20240819_030521_382.jpg,2024:08:19 15:05:21,,
20240819/Cam4/FLIR_20240819_031933_923.jpg,FLIR_20240819_031933_923.jpg,2024:08:19 15:19:33,,
20240819/Cam4/FLIR_20240819_031015_569.jpg,FLIR_20240819_031015_569.jpg,2024:08:19 15:10:15,,
20240819/Cam4/FLIR_20240819_032204_092.jpg,FLIR_20240819_032204_092.jpg,2024:08:19 15:22:03,,
20240819/Cam4/FLIR_20240819_104256_295.jpg,FLIR_20240819_104256_295.jpg,2024:08:19 10:42:56,,
20240819/Cam4/FLIR_20240819_025819_636.jpg,FLIR_20240819_025819_636.jpg,2024:08:19 14:58:19,,
20240819/Cam4/FLIR_20240819_032345_213.jpg,FLIR_20240819_032345_213.jpg,2024:08:19 15:23:45,,
20240819/Cam4/FLIR_20240819_030700_024.jpg,FLIR_20240819_030700_024.jpg,2024:08:19 15:06:59,,
20240819/Cam4/FLIR_20240819_032024_509.jpg,FLIR_20240819_032024_509.jpg,2024:08:19 15:20:24,,
20240819/Cam4/FLIR_20240819_025109_088.jpg,FLIR_20240819_025109_088.jpg,2024:08:19 14:51:08,,
20240819/Cam4/FLIR_20240819_023659_414.jpg,FLIR_20240819_023659_414.jpg,2024:08:19 14:36:59,,
20240819/Cam4/FLIR_20240819_030331_800.jpg,FLIR_20240819_030331_800.jpg,2024:08:19 15:03:31,,
20240819/Cam4/FLIR_20240819_025439_564.jpg,FLIR_20240819_025439_564.jpg,2024:08:19 14:54:39,,
20240819/Cam4/FLIR_20240819_032625_695.jpg,FLIR_20240819_032625_695.jpg,2024:08:19 15:26:25,,
20240819/Cam4/FLIR_20240819_102006_762.jpg,FLIR_20240819_102006_762.jpg,2024:08:19 10:20:06,,
20240819/Cam4/FLIR_20240819_031854_380.jpg,FLIR_20240819_031854_380.jpg,2024:08:19 15:18:54,,
20240819/Cam3/FLIR_20240819_101616_174.jpg,FLIR_20240819_101616_174.jpg,2024:08:19 10:16:16,,
20240819/Cam3/FLIR_20240819_104559_451.jpg,FLIR_20240819_104559_451.jpg,2024:08:19 10:45:59,-22.342655555555556,-69.52981388888888
20240819/Cam3/FLIR_20240819_032123_242.jpg,FLIR_20240819_032123_242.jpg,2024:08:19 15:21:23,-22.342155555555554,-69.53007222222222
20240819/Cam3/FLIR_20240819_031934_349.jpg,FLIR_20240819_031934_349.jpg,2024:08:19 15:19:34,-22.342155555555554,-69.53007222222222
20240819/Cam3/FLIR_20240819_031842_532.jpg,FLIR_20240819_031842_532.jpg,2024:08:19 15:18:42,-22.342155555555554,-69.53007222222222
20240819/Cam3/FLIR_20240819_104259_027.jpg,FLIR_20240819_104259_027.jpg,2024:08:19 10:42:58,-22.342655555555556,-69.52981388888888
20240819/Cam3/FLIR_20240819_102930_648.jpg,FLIR_20240819_102930_648.jpg,2024:08:19 10:29:30,-22.34301111111111,-69.52941388888888
20240819/Cam3/FLIR_20240819_025337_825.jpg,FLIR_20240819_025337_825.jpg,2024:08:19 14:53:37,-22.34293611111111,-69.5297638888889
20240819/Cam3/FLIR_20240819_102717_133.jpg,FLIR_20240819_102717_133.jpg,2024:08:19 10:27:17,-22.34301111111111,-69.52941388888888
20240819/Cam3/FLIR_20240819_103826_834.jpg,FLIR_20240819_103826_834.jpg,2024:08:19 10:38:26,-22.34218611111111,-69.52971111111111
20240819/Cam3/FLIR_20240819_025538_285.jpg,FLIR_20240819_025538_285.jpg,2024:08:19 14:55:38,-22.34293611111111,-69.5297638888889
20240819/Cam3/FLIR_20240819_025418_062.jpg,FLIR_20240819_025418_062.jpg,2024:08:19 14:54:17,-22.34293611111111,-69.5297638888889
20240819/Cam3/FLIR_20240819_025713_151.jpg,FLIR_20240819_025713_151.jpg,2024:08:19 14:57:13,-22.34293611111111,-69.5297638888889
20240819/Cam3/FLIR_20240819_032512_452.jpg,FLIR_20240819_032512_452.jpg,2024:08:19 15:25:12,-22.342097222222222,-69.53015
20240819/Cam3/FLIR_20240819_031253_068.jpg,FLIR_20240819_031253_068.jpg,2024:08:19 15:12:52,-22.342155555555554,-69.53007222222222
20240819/Cam3/FLIR_20240819_102413_221.jpg,FLIR_20240819_102413_221.jpg,2024:08:19 10:24:13,-22.34301111111111,-69.52941388888888
20240819/Cam3/FLIR_20240819_030040_379.jpg,FLIR_20240819_030040_379.jpg,2024:08:19 15:00:40,-22.342777777777776,-69.52975277777777
20240819/Cam3/FLIR_20240819_102818_232.jpg,FLIR_20240819_102818_232.jpg,2024:08:19 10:28:18,-22.34301111111111,-69.52941388888888
20240819/Cam3/FLIR_20240819_101928_568.jpg,FLIR_20240819_101928_568.jpg,2024:08:19 10:19:28,-22.34301111111111,-69.52941388888888
20240819/Cam3/FLIR_20240819_104345_217.jpg,FLIR_20240819_104345_217.jpg,2024:08:19 10:43:45,-22.342655555555556,-69.52981388888888
20240819/Cam3/FLIR_20240819_105228_306.jpg,FLIR_20240819_105228_306.jpg,2024:08:19 10:52:28,-22.342655555555556,-69.52981388888888
20240819/Cam3/FLIR_20240819_031208_214.jpg,FLIR_20240819_031208_214.jpg,2024:08:19 15:12:08,-22.342155555555554,-69.53007222222222
20240819/Cam3/FLIR_20240819_025835_417.jpg,FLIR_20240819_025835_417.jpg,2024:08:19 14:58:35,,
20240819/Cam3/FLIR_20240819_024906_789.jpg,FLIR_20240819_024906_789.jpg,2024:08:19 14:49:06,,
20240819/Cam3/FLIR_20240819_030129_807.jpg,FLIR_20240819_030129_807.jpg,2024:08:19 15:01:29,-22.342777777777776,-69.52975277777777
20240819/Cam3/FLIR_20240819_102056_892.jpg,FLIR_20240819_102056_892.jpg,2024:08:19 10:20:56,-22.34301111111111,-69.52941388888888
20240819/Cam3/FLIR_20240819_101114_072.jpg,FLIR_20240819_101114_072.jpg,2024:08:19 10:11:13,-22.341691666666666,-69.52998611111111
20240819/Cam3/FLIR_20240819_104909_058.jpg,FLIR_20240819_104909_058.jpg,2024:08:19 10:49:08,-22.342655555555556,-69.52981388888888
20240819/Cam3/FLIR_20240819_032427_603.jpg,FLIR_20240819_032427_603.jpg,2024:08:19 15:24:27,,
20240819/Cam3/FLIR_20240819_024159_317.jpg,FLIR_20240819_024159_317.jpg,2024:08:19 14:41:59,-22.341730555555554,-69.52943611111111
20240819/Cam3/FLIR_20240819_101249_062.jpg,FLIR_20240819_101249_062.jpg,2024:08:19 10:12:49,-22.341691666666666,-69.52998611111111
20240819/Cam3/FLIR_20240819_104955_327.jpg,FLIR_20240819_104955_327.jpg,2024:08:19 10:49:55,-22.342655555555556,-69.52981388888888
20240819/Cam3/FLIR_20240819_104730_231.jpg,FLIR_20240819_104730_231.jpg,2024:08:19 10:47:30,-22.342655555555556,-69.52981388888888
20240819/Cam3/FLIR_20240819_023719_618.jpg,FLIR_20240819_023719_618.jpg,2024:08:19 14:37:19,,
20240819/Cam3/FLIR_20240819_102314_437.jpg,FLIR_20240819_102314_437.jpg,2024:08:19 10:23:14,-22.34301111111111,-69.52941388888888
20240819/Cam3/FLIR_20240819_103316_428.jpg,FLIR_20240819_103316_428.jpg,2024:08:19 10:33:16,-22.34218611111111,-69.52971111111111
20240819/Cam3/FLIR_20240819_032031_239.jpg,FLIR_20240819_032031_239.jpg,2024:08:19 15:20:31,-22.342155555555554,-69.53007222222222
20240819/Cam3/FLIR_20240819_025205_823.jpg,FLIR_20240819_025205_823.jpg,2024:08:19 14:52:05,-22.34293611111111,-69.5297638888889
20240819/Cam3/FLIR_20240819_032241_196.jpg,FLIR_20240819_032241_196.jpg,2024:08:19 15:22:41,-22.342155555555554,-69.53007222222222
20240819/Cam3/FLIR_20240819_101407_990.jpg,FLIR_20240819_101407_990.jpg,2024:08:19 10:14:07,-22.341691666666666,-69.52998611111111
20240819/Cam3/FLIR_20240819_103120_915.jpg,FLIR_20240819_103120_915.jpg,2024:08:19 10:31:20,-22.34218611111111,-69.52971111111111
20240819/Cam3/FLIR_20240819_103540_061.jpg,FLIR_20240819_103540_061.jpg,2024:08:19 10:35:39,-22.34218611111111,-69.52971111111111
20240819/Cam3/FLIR_20240819_102157_627.jpg,FLIR_20240819_102157_627.jpg,2024:08:19 10:21:57,-22.34301111111111,-69.52941388888888
20240819/Cam3/FLIR_20240819_103951_560.jpg,FLIR_20240819_103951_560.jpg,2024:08:19 10:39:51,-22.34218611111111,-69.52971111111111
20240819/Cam3/FLIR_20240819_024047_640.jpg,FLIR_20240819_024047_640.jpg,2024:08:19 14:40:47,-22.341730555555554,-69.52943611111111
20240819/Cam3/FLIR_20240819_105038_371.jpg,FLIR_20240819_105038_371.jpg,2024:08:19 10:50:38,-22.342655555555556,-69.52981388888888
20240819/Cam3/FLIR_20240819_023951_828.jpg,FLIR_20240819_023951_828.jpg,2024:08:19 14:39:51,-22.341730555555554,-69.52943611111111
20240819/Cam3/FLIR_20240819_104829_855.jpg,FLIR_20240819_104829_855.jpg,2024:08:19 10:48:29,-22.342655555555556,-69.52981388888888
20240819/Cam3/FLIR_20240819_024558_555.jpg,FLIR_20240819_024558_555.jpg,2024:08:19 14:45:58,-22.341730555555554,-69.52943611111111
20240819/Cam3/FLIR_20240819_025927_143.jpg,FLIR_20240819_025927_143.jpg,2024:08:19 14:59:27,-22.342777777777776,-69.52975277777777
20240819/Cam3/FLIR_20240819_031640_451.jpg,FLIR_20240819_031640_451.jpg,2024:08:19 15:16:40,-22.342155555555554,-69.53007222222222
20240819/Cam3/FLIR_20240819_102549_346.jpg,FLIR_20240819_102549_346.jpg,2024:08:19 10:25:49,-22.34301111111111,-69.52941388888888
20240819/Cam3/FLIR_20240819_103650_686.jpg,FLIR_20240819_103650_686.jpg,2024:08:19 10:36:50,-22.34218611111111,-69.52971111111111
20240819/Cam3/FLIR_20240819_100900_601.jpg,FLIR_20240819_100900_601.jpg,2024:08:19 10:09:00,-22.341691666666666,-69.52998611111111
20240819/Cam3/FLIR_20240819_101449_673.jpg,FLIR_20240819_101449_673.jpg,2024:08:19 10:14:49,-22.341691666666666,-69.52998611111111
20240819/Cam3/FLIR_20240819_101015_343.jpg,FLIR_20240819_101015_343.jpg,2024:08:19 10:10:15,-22.341691666666666,-69.52998611111111
20240819/Cam3/FLIR_20240819_031112_005.jpg,FLIR_20240819_031112_005.jpg,2024:08:19 15:11:11,-22.342155555555554,-69.53007222222222
20240819/Cam3/FLIR_20240819_030803_163.jpg,FLIR_20240819_030803_163.jpg,2024:08:19 15:08:03,-22.342155555555554,-69.53007222222222
20240819/Cam3/FLIR_20240819_030328_230.jpg,FLIR_20240819_030328_230.jpg,2024:08:19 15:03:28,-22.342777777777776,-69.52975277777777
20240819/Cam3/FLIR_20240819_024502_017.jpg,FLIR_20240819_024502_017.jpg,2024:08:19 14:45:01,-22.341730555555554,-69.52943611111111
20240819/Cam3/FLIR_20240819_102509_921.jpg,FLIR_20240819_102509_921.jpg,2024:08:19 10:25:09,-22.34301111111111,-69.52941388888888
20240819/Cam3/FLIR_20240819_104642_812.jpg,FLIR_20240819_104642_812.jpg,2024:08:19 10:46:42,-22.342655555555556,-69.52981388888888
20240819/Cam3/FLIR_20240819_024249_627.jpg,FLIR_20240819_024249_627.jpg,2024:08:19 14:42:49,-22.341730555555554,-69.52943611111111
20240819/Cam3/FLIR_20240819_103205_104.jpg,FLIR_20240819_103205_104.jpg,2024:08:19 10:32:05,-22.34218611111111,-69.52971111111111
20240819/Cam3/FLIR_20240819_030230_653.jpg,FLIR_20240819_030230_653.jpg,2024:08:19 15:02:30,-22.342777777777776,-69.52975277777777
20240819/Cam3/FLIR_20240819_024350_093.jpg,FLIR_20240819_024350_093.jpg,2024:08:19 14:43:49,-22.341730555555554,-69.52943611111111
20240819/Cam3/FLIR_20240819_105123_100.jpg,FLIR_20240819_105123_100.jpg,2024:08:19 10:51:22,-22.342655555555556,-69.52981388888888
20240819/Cam3/FLIR_20240819_101756_924.jpg,FLIR_20240819_101756_924.jpg,2024:08:19 10:17:56,-22.34301111111111,-69.52941388888888
20240819/Cam3/FLIR_20240819_025005_352.jpg,FLIR_20240819_025005_352.jpg,2024:08:19 14:50:05,-22.34293611111111,-69.5297638888889
20240819/Cam3/FLIR_20240819_103732_452.jpg,FLIR_20240819_103732_452.jpg,2024:08:19 10:37:32,-22.34218611111111,-69.52971111111111
20240819/Cam3/FLIR_20240819_023907_150.jpg,FLIR_20240819_023907_150.jpg,2024:08:19 14:39:07,-22.341730555555554,-69.52943611111111
20240819/Cam1/FLIR_20240819_031226_711.jpg,FLIR_20240819_031226_711.jpg,2024:08:19 15:12:26,-22.339913888888887,-69.5300861111111
20240819/Cam1/FLIR_20240819_103937_672.jpg,FLIR_20240819_103937_672.jpg,2024:08:19 10:39:37,-22.339805555555554,-69.529475
20240819/Cam1/FLIR_20240819_103342_325.jpg,FLIR_20240819_103342_325.jpg,2024:08:19 10:33:42,-22.339805555555554,-69.529475
20240819/Cam1/FLIR_20240819_103827_360.jpg,FLIR_20240819_103827_360.jpg,2024:08:19 10:38:27,-22.339805555555554,-69.529475
20240819/Cam1/FLIR_20240819_032614_220.jpg,FLIR_20240819_032614_220.jpg,2024:08:19 15:26:14,-22.339913888888887,-69.5300861111111
20240819/Cam1/FLIR_20240819_101756_256.jpg,FLIR_20240819_101756_256.jpg,2024:08:19 10:17:56,-22.339805555555554,-69.529475
20240819/Cam1/FLIR_20240819_100245_862.jpg,FLIR_20240819_100245_862.jpg,2024:08:19 10:02:45,-22.339805555555554,-69.529475
20240819/Cam1/FLIR_20240819_104346_573.jpg,FLIR_20240819_104346_573.jpg,2024:08:19 10:43:46,-22.339805555555554,-69.529475
20240819/Cam1/FLIR_20240819_032043_125.jpg,FLIR_20240819_032043_125.jpg,2024:08:19 15:20:42,-22.339913888888887,-69.5300861111111
20240819/Cam1/FLIR_20240819_100910_917.jpg,FLIR_20240819_100910_917.jpg,2024:08:19 10:09:10,-22.339805555555554,-69.529475
20240819/Cam1/FLIR_20240819_103001_032.jpg,FLIR_20240819_103001_032.jpg,2024:08:19 10:30:00,-22.339805555555554,-69.529475
20240819/Cam1/FLIR_20240819_103403_402.jpg,FLIR_20240819_103403_402.jpg,2024:08:19 10:34:03,-22.339805555555554,-69.529475
20240819/Cam1/FLIR_20240819_104007_830.jpg,FLIR_20240819_104007_830.jpg,2024:08:19 10:40:07,-22.339805555555554,-69.529475
20240819/Cam1/FLIR_20240819_101524_945.jpg,FLIR_20240819_101524_945.jpg,2024:08:19 10:15:24,-22.339805555555554,-69.529475
20240819/Cam1/FLIR_20240819_100939_759.jpg,FLIR_20240819_100939_759.jpg,2024:08:19 10:09:39,-22.339805555555554,-69.529475
20240819/Cam1/FLIR_20240819_023633_784.jpg,FLIR_20240819_023633_784.jpg,2024:08:19 14:36:33,-22.339913888888887,-69.5300861111111
20240819/Cam1/FLIR_20240819_102801_730.jpg,FLIR_20240819_102801_730.jpg,2024:08:19 10:28:01,-22.339805555555554,-69.529475
20240819/Cam1/FLIR_20240819_024929_887.jpg,FLIR_20240819_024929_887.jpg,2024:08:19 14:49:29,-22.339913888888887,-69.5300861111111
20240819/Cam1/FLIR_20240819_024729_536.jpg,FLIR_20240819_024729_536.jpg,2024:08:19 14:47:29,-22.339913888888887,-69.5300861111111
20240819/Cam1/FLIR_20240819_104705_017.jpg,FLIR_20240819_104705_017.jpg,2024:08:19 10:47:04,-22.339805555555554,-69.529475
20240819/Cam1/FLIR_20240819_100420_996.jpg,FLIR_20240819_100420_996.jpg,2024:08:19 10:04:20,-22.339805555555554,-69.529475
20240819/Cam1/FLIR_20240819_025107_942.jpg,FLIR_20240819_025107_942.jpg,2024:08:19 14:51:07,-22.339913888888887,-69.5300861111111
20240819/Cam1/FLIR_20240819_101329_977.jpg,FLIR_20240819_101329_977.jpg,2024:08:19 10:13:29,-22.339805555555554,-69.529475
20240819/Cam1/FLIR_20240819_103226_065.jpg,FLIR_20240819_103226_065.jpg,2024:08:19 10:32:25,-22.339805555555554,-69.529475
20240819/Cam1/FLIR_20240819_025945_897.jpg,FLIR_20240819_025945_897.jpg,2024:08:19 14:59:45,-22.339913888888887,-69.5300861111111
20240819/Cam1/FLIR_20240819_025240_542.jpg,FLIR_20240819_025240_542.jpg,2024:08:19 14:52:40,-22.339913888888887,-69.5300861111111
20240819/Cam1/FLIR_20240819_025039_942.jpg,FLIR_20240819_025039_942.jpg,2024:08:19 14:50:39,-22.339913888888887,-69.5300861111111
20240819/Cam1/FLIR_20240819_025858_251.jpg,FLIR_20240819_025858_251.jpg,2024:08:19 14:58:58,-22.339913888888887,-69.5300861111111
20240819/Cam1/FLIR_20240819_025314_326.jpg,FLIR_20240819_025314_326.jpg,2024:08:19 14:53:14,-22.339913888888887,-69.5300861111111
20240819/Cam1/FLIR_20240819_032118_399.jpg,FLIR_20240819_032118_399.jpg,2024:08:19 15:21:18,-22.339913888888887,-69.5300861111111
20240819/Cam1/FLIR_20240819_024025_674.jpg,FLIR_20240819_024025_674.jpg,2024:08:19 14:40:25,-22.339913888888887,-69.5300861111111
20240819/Cam1/FLIR_20240819_102907_402.jpg,FLIR_20240819_102907_402.jpg,2024:08:19 10:29:07,-22.339805555555554,-69.529475
20240819/Cam1/FLIR_20240819_033531_900.jpg,FLIR_20240819_033531_900.jpg,2024:08:19 15:35:31,-22.339913888888887,-69.5300861111111
20240819/Cam1/FLIR_20240819_033706_617.jpg,FLIR_20240819_033706_617.jpg,2024:08:19 15:37:06,-22.339913888888887,-69.5300861111111
20240819/Cam1/FLIR_20240819_033441_480.jpg,FLIR_20240819_033441_480.jpg,2024:08:19 15:34:41,-22.339913888888887,-69.5300861111111
20240819/Cam1/FLIR_20240819_101142_599.jpg,FLIR_20240819_101142_599.jpg,2024:08:19 10:11:42,-22.339805555555554,-69.529475
20240819/Cam1/FLIR_20240819_101700_042.jpg,FLIR_20240819_101700_042.jpg,2024:08:19 10:16:59,-22.339805555555554,-69.529475
20240819/Cam1/FLIR_20240819_104428_998.jpg,FLIR_20240819_104428_998.jpg,2024:08:19 10:44:28,-22.339805555555554,-69.529475
20240819/Cam1/FLIR_20240819_100535_345.jpg,FLIR_20240819_100535_345.jpg,2024:08:19 10:05:35,-22.339805555555554,-69.529475
20240819/Cam1/FLIR_20240819_100741_196.jpg,FLIR_20240819_100741_196.jpg,2024:08:19 10:07:41,-22.339805555555554,-69.529475
20240819/Cam1/FLIR_20240819_031507_355.jpg,FLIR_20240819_031507_355.jpg,2024:08:19 15:15:07,-22.339913888888887,-69.5300861111111
20240819/Cam1/FLIR_20240819_030040_397.jpg,FLIR_20240819_030040_397.jpg,2024:08:19 15:00:40,-22.339913888888887,-69.5300861111111
20240819/Cam1/FLIR_20240819_102555_340.jpg,FLIR_20240819_102555_340.jpg,2024:08:19 10:25:55,-22.339805555555554,-69.529475
20240819/Cam1/FLIR_20240819_103138_703.jpg,FLIR_20240819_103138_703.jpg,2024:08:19 10:31:38,-22.339805555555554,-69.529475
20240819/Cam1/FLIR_20240819_030822_013.jpg,FLIR_20240819_030822_013.jpg,2024:08:19 15:08:21,-22.339913888888887,-69.5300861111111
20240819/Cam1/FLIR_20240819_104144_445.jpg,FLIR_20240819_104144_445.jpg,2024:08:19 10:41:44,-22.339805555555554,-69.529475
20240819/Cam1/FLIR_20240819_033316_067.jpg,FLIR_20240819_033316_067.jpg,2024:08:19 15:33:15,-22.339913888888887,-69.5300861111111
20240819/Cam1/FLIR_20240819_103516_202.jpg,FLIR_20240819_103516_202.jpg,2024:08:19 10:35:16,-22.339805555555554,-69.529475
20240819/Cam1/FLIR_20240819_101826_146.jpg,FLIR_20240819_101826_146.jpg,2024:08:19 10:18:26,-22.339805555555554,-69.529475
20240819/Cam1/FLIR_20240819_102157_147.jpg,FLIR_20240819_102157_147.jpg,2024:08:19 10:21:57,-22.339805555555554,-69.529475
20240819/Cam1/FLIR_20240819_030314_554.jpg,FLIR_20240819_030314_554.jpg,2024:08:19 15:03:14,-22.339913888888887,-69.5300861111111
20240819/Cam1/FLIR_20240819_025606_582.jpg,FLIR_20240819_025606_582.jpg,2024:08:19 14:56:06,-22.339913888888887,-69.5300861111111
20240819/Cam1/FLIR_20240819_104805_986.jpg,FLIR_20240819_104805_986.jpg,2024:08:19 10:48:05,-22.339805555555554,-69.529475
20240819/Cam1/FLIR_20240819_031037_927.jpg,FLIR_20240819_031037_927.jpg,2024:08:19 15:10:37,-22.339913888888887,-69.5300861111111
20240819/Cam1/FLIR_20240819_033013_261.jpg,FLIR_20240819_033013_261.jpg,2024:08:19 15:30:13,-22.339913888888887,-69.5300861111111
20240819/Cam1/FLIR_20240819_025152_718.jpg,FLIR_20240819_025152_718.jpg,2024:08:19 14:51:52,-22.339913888888887,-69.5300861111111
20240819/Cam1/FLIR_20240819_031313_753.jpg,FLIR_20240819_031313_753.jpg,2024:08:19 15:13:13,-22.339913888888887,-69.5300861111111
20240819/Cam1/FLIR_20240819_024329_536.jpg,FLIR_20240819_024329_536.jpg,2024:08:19 14:43:29,-22.339913888888887,-69.5300861111111
20240819/Cam1/FLIR_20240819_102415_442.jpg,FLIR_20240819_102415_442.jpg,2024:08:19 10:24:15,-22.339805555555554,-69.529475
20240819/Cam1/FLIR_20240819_101221_758.jpg,FLIR_20240819_101221_758.jpg,2024:08:19 10:12:21,-22.339805555555554,-69.529475
20240819/Cam1/FLIR_20240819_023500_129.jpg,FLIR_20240819_023500_129.jpg,2024:08:19 14:35:00,-22.339913888888887,-69.5300861111111
20240819/Cam1/FLIR_20240819_033343_894.jpg,FLIR_20240819_033343_894.jpg,2024:08:19 15:33:43,-22.339913888888887,-69.5300861111111
20240819/Cam1/FLIR_20240819_033134_799.jpg,FLIR_20240819_033134_799.jpg,2024:08:19 15:31:34,-22.339913888888887,-69.5300861111111
20240819/Cam1/FLIR_20240819_030011_436.jpg,FLIR_20240819_030011_436.jpg,2024:08:19 15:00:11,-22.339913888888887,-69.5300861111111
20240819/Cam1/FLIR_20240819_025631_780.jpg,FLIR_20240819_025631_780.jpg,2024:08:19 14:56:31,-22.339913888888887,-69.5300861111111
20240819/Cam1/FLIR_20240819_024653_920.jpg,FLIR_20240819_024653_920.jpg,2024:08:19 14:46:53,-22.339913888888887,-69.5300861111111
20240819/Cam1/FLIR_20240819_102453_386.jpg,FLIR_20240819_102453_386.jpg,2024:08:19 10:24:53,-22.339805555555554,-69.529475
20240819/Cam1/FLIR_20240819_031558_662.jpg,FLIR_20240819_031558_662.jpg,2024:08:19 15:15:58,-22.339913888888887,-69.5300861111111
20240819/Cam1/FLIR_20240819_095953_247.jpg,FLIR_20240819_095953_247.jpg,2024:08:19 09:59:53,,
20240819/Cam1/FLIR_20240819_100145_637.jpg,FLIR_20240819_100145_637.jpg,2024:08:19 10:01:45,-22.339805555555554,-69.529475
20240819/Cam1/FLIR_20240819_023605_856.jpg,FLIR_20240819_023605_856.jpg,2024:08:19 14:36:05,-22.339913888888887,-69.5300861111111
20240819/Cam1/FLIR_20240819_101945_290.jpg,FLIR_20240819_101945_290.jpg,2024:08:19 10:19:45,-22.339805555555554,-69.529475
20240819/Cam1/FLIR_20240819_102337_602.jpg,FLIR_20240819_102337_602.jpg,2024:08:19 10:23:37,-22.339805555555554,-69.529475
20240819/Cam1/FLIR_20240819_024454_115.jpg,FLIR_20240819_024454_115.jpg,2024:08:19 14:44:53,-22.339913888888887,-69.5300861111111
20240819/Cam1/FLIR_20240819_032911_564.jpg,FLIR_20240819_032911_564.jpg,2024:08:19 15:29:11,-22.339913888888887,-69.5300861111111
20240819/Cam1/FLIR_20240819_032400_984.jpg,FLIR_20240819_032400_984.jpg,2024:08:19 15:24:00,-22.339913888888887,-69.5300861111111
20240819/Cam1/FLIR_20240819_024628_868.jpg,FLIR_20240819_024628_868.jpg,2024:08:19 14:46:28,-22.339913888888887,-69.5300861111111
20240819/Cam1/FLIR_20240819_032216_547.jpg,FLIR_20240819_032216_547.jpg,2024:08:19 15:22:16,-22.339913888888887,-69.5300861111111
20240819/Cam1/FLIR_20240819_024428_496.jpg,FLIR_20240819_024428_496.jpg,2024:08:19 14:44:28,-22.339913888888887,-69.5300861111111
20240819/Cam1/FLIR_20240819_033226_593.jpg,FLIR_20240819_033226_593.jpg,2024:08:19 15:32:26,-22.339913888888887,-69.5300861111111
20240819/Cam1/FLIR_20240819_030850_518.jpg,FLIR_20240819_030850_518.jpg,2024:08:19 15:08:50,-22.339913888888887,-69.5300861111111
20240819/Cam1/FLIR_20240819_024629_566.jpg,FLIR_20240819_024629_566.jpg,2024:08:19 14:46:29,-22.339913888888887,-69.5300861111111
20240819/Cam1/FLIR_20240819_101448_572.jpg,FLIR_20240819_101448_572.jpg,2024:08:19 10:14:48,-22.339805555555554,-69.529475
20240819/Cam1/FLIR_20240819_030611_911.jpg,FLIR_20240819_030611_911.jpg,2024:08:19 15:06:11,-22.339913888888887,-69.5300861111111
20240819/Cam1/FLIR_20240819_031130_344.jpg,FLIR_20240819_031130_344.jpg,2024:08:19 15:11:30,-22.339913888888887,-69.5300861111111
20240819/Cam1/FLIR_20240819_101057_014.jpg,FLIR_20240819_101057_014.jpg,2024:08:19 10:10:56,-22.339805555555554,-69.529475
20240819/Cam1/FLIR_20240819_030505_722.jpg,FLIR_20240819_030505_722.jpg,2024:08:19 15:05:05,-22.339913888888887,-69.5300861111111
20240819/Cam1/FLIR_20240819_102724_482.jpg,FLIR_20240819_102724_482.jpg,2024:08:19 10:27:24,-22.339805555555554,-69.529475
20240819/Cam1/FLIR_20240819_100625_914.jpg,FLIR_20240819_100625_914.jpg,2024:08:19 10:06:25,-22.339805555555554,-69.529475
20240819/Cam1/FLIR_20240819_103105_508.jpg,FLIR_20240819_103105_508.jpg,2024:08:19 10:31:05,-22.339805555555554,-69.529475
20240819/Cam1/FLIR_20240819_030358_929.jpg,FLIR_20240819_030358_929.jpg,2024:08:19 15:03:58,-22.339913888888887,-69.5300861111111
20240819/Cam1/FLIR_20240819_032316_241.jpg,FLIR_20240819_032316_241.jpg,2024:08:19 15:23:16,-22.339913888888887,-69.5300861111111
20240819/Cam1/FLIR_20240819_025802_456.jpg,FLIR_20240819_025802_456.jpg,2024:08:19 14:58:02,-22.339913888888887,-69.5300861111111
20240819/Cam1/FLIR_20240819_030228_899.jpg,FLIR_20240819_030228_899.jpg,2024:08:19 15:02:28,-22.339913888888887,-69.5300861111111
20240819/Cam1/FLIR_20240819_104509_097.jpg,FLIR_20240819_104509_097.jpg,2024:08:19 10:45:09,-22.339805555555554,-69.529475
20240819/Cam1/FLIR_20240819_030337_923.jpg,FLIR_20240819_030337_923.jpg,2024:08:19 15:03:37,-22.339913888888887,-69.5300861111111
20240819/Cam1/FLIR_20240819_031947_178.jpg,FLIR_20240819_031947_178.jpg,2024:08:19 15:19:47,-22.339913888888887,-69.5300861111111
20240819/Cam1/FLIR_20240819_025836_197.jpg,FLIR_20240819_025836_197.jpg,2024:08:19 14:58:36,-22.339913888888887,-69.5300861111111
20240819/Cam1/FLIR_20240819_103618_628.jpg,FLIR_20240819_103618_628.jpg,2024:08:19 10:36:18,-22.339805555555554,-69.529475
20240819/Cam1/FLIR_20240819_024801_729.jpg,FLIR_20240819_024801_729.jpg,2024:08:19 14:48:01,-22.339913888888887,-69.5300861111111
20240819/Cam1/FLIR_20240819_104541_302.jpg,FLIR_20240819_104541_302.jpg,2024:08:19 10:45:41,-22.339805555555554,-69.529475
20240819/Cam1/FLIR_20240819_100332_802.jpg,FLIR_20240819_100332_802.jpg,2024:08:19 10:03:32,-22.339805555555554,-69.529475
20240819/Cam1/FLIR_20240819_102837_263.jpg,FLIR_20240819_102837_263.jpg,2024:08:19 10:28:37,-22.339805555555554,-69.529475
20240819/Cam1/FLIR_20240819_030106_516.jpg,FLIR_20240819_030106_516.jpg,2024:08:19 15:01:06,-22.339913888888887,-69.5300861111111
20240819/Cam1/FLIR_20240819_101603_605.jpg,FLIR_20240819_101603_605.jpg,2024:08:19 10:16:03,-22.339805555555554,-69.529475
20240819/Cam1/FLIR_20240819_025508_750.jpg,FLIR_20240819_025508_750.jpg,2024:08:19 14:55:08,-22.339913888888887,-69.5300861111111
20240819/Cam1/FLIR_20240819_100804_634.jpg,FLIR_20240819_100804_634.jpg,2024:08:19 10:08:04,-22.339805555555554,-69.529475
20240819/Cam1/FLIR_20240819_103802_253.jpg,FLIR_20240819_103802_253.jpg,2024:08:19 10:38:02,-22.339805555555554,-69.529475
20240819/Cam1/FLIR_20240819_032724_382.jpg,FLIR_20240819_032724_382.jpg,2024:08:19 15:27:24,-22.339913888888887,-69.5300861111111
20240819/Cam1/FLIR_20240819_025509_434.jpg,FLIR_20240819_025509_434.jpg,2024:08:19 14:55:09,-22.339913888888887,-69.5300861111111
20240819/Cam1/FLIR_20240819_031352_100.jpg,FLIR_20240819_031352_100.jpg,2024:08:19 15:13:51,-22.339913888888887,-69.5300861111111
20240819/Cam1/FLIR_20240819_024527_312.jpg,FLIR_20240819_024527_312.jpg,2024:08:19 14:45:27,-22.339913888888887,-69.5300861111111
20240819/Cam1/FLIR_20240819_023937_329.jpg,FLIR_20240819_023937_329.jpg,2024:08:19 14:39:37,-22.339913888888887,-69.5300861111111
20240819/Cam1/FLIR_20240819_033804_075.jpg,FLIR_20240819_033804_075.jpg,2024:08:19 15:38:03,-22.339913888888887,-69.5300861111111
